Name,Category,ImageUrl
Niacinamide,Vitamin/Active,https://images.unsplash.com/photo-1620916566398-39f1143ab7be
Hyaluronic Acid,Moisturizer,https://images.unsplash.com/photo-1556228720-195a672e8a03
Retinol,Anti-Aging,https://images.unsplash.com/photo-1598440947619-2c35fc9aa908
Vitamin C (Ascorbic Acid),Antioxidant,https://images.unsplash.com/photo-1608248543803-ba4f8c70ae0b
Ceramide NP,Barrier Repair,https://images.unsplash.com/photo-1570172619644-dfd03ed5d881
Salicylic Acid,Exfoliant/BHA,https://images.unsplash.com/photo-1512290923902-8a9f81dc236c
Glycolic Acid,Exfoliant/AHA,https://images.unsplash.com/photo-1522335789203-aabd1fc54bc9
Lactic Acid,Exfoliant/AHA,https://images.unsplash.com/photo-1596462502278-27bfdc403348
Azelaic Acid,Multi-Function,https://images.unsplash.com/photo-1617897903246-719242758050
Squalane,Emollient,https://images.unsplash.com/photo-1620916566398-39f1143ab7be
Centella Asiatica Extract,Soothing,https://images.unsplash.com/photo-1556228720-195a672e8a03
Snail Secretion Filtrate,Repair,https://images.unsplash.com/photo-1598440947619-2c35fc9aa908
Panthenol,Moisturizer,https://images.unsplash.com/photo-1608248543803-ba4f8c70ae0b
Allantoin,Soothing,https://images.unsplash.com/photo-1570172619644-dfd03ed5d881
Palmitoyl Tripeptide-1,Anti-Aging/Peptide,https://images.unsplash.com/photo-1512290923902-8a9f81dc236c
Benzoyl Peroxide,Anti-Acne,https://images.unsplash.com/photo-1522335789203-aabd1fc54bc9
Tranexamic Acid,Brightening,https://images.unsplash.com/photo-1596462502278-27bfdc403348
Alpha-Arbutin,Brightening,https://images.unsplash.com/photo-1617897903246-719242758050
Kojic Acid,Brightening,https://images.unsplash.com/photo-1620916566398-39f1143ab7be
Resveratrol,Antioxidant,https://images.unsplash.com/photo-1556228720-195a672e8a03
Bakuchiol,Anti-Aging,https://images.unsplash.com/photo-1598440947619-2c35fc9aa908
Zinc Oxide,UV Filter,https://images.unsplash.com/photo-1608248543803-ba4f8c70ae0b
Adenosine,Anti-Aging,https://images.unsplash.com/photo-1570172619644-dfd03ed5d881
Caffeine,Antioxidant,https://images.unsplash.com/photo-1512290923902-8a9f81dc236c
Melaleuca Alternifolia Leaf Oil,Antibacterial,https://images.unsplash.com/photo-1522335789203-aabd1fc54bc9
Aloe Barbadensis Leaf Extract,Soothing,https://images.unsplash.com/photo-1596462502278-27bfdc403348
Ferulic Acid,Antioxidant,https://images.unsplash.com/photo-1617897903246-719242758050
Camellia Sinensis Leaf Extract,Antioxidant,https://images.unsplash.com/photo-1620916566398-39f1143ab7be
Glycyrrhiza Glabra Root Extract,Brightening,https://images.unsplash.com/photo-1556228720-195a672e8a03
Hydrolyzed Collagen,Anti-Aging,https://images.unsplash.com/photo-1598440947619-2c35fc9aa908
Glycerin,Moisturizer,https://images.unsplash.com/photo-1608248543803-ba4f8c70ae0b
Tocopherol,Antioxidant,https://images.unsplash.com/photo-1570172619644-dfd03ed5d881
Simmondsia Chinensis Seed Oil,Emollient,https://images.unsplash.com/photo-1512290923902-8a9f81dc236c
Rosa Canina Fruit Oil,Antioxidant,https://images.unsplash.com/photo-1522335789203-aabd1fc54bc9
Butyrospermum Parkii Butter,Emollient,https://images.unsplash.com/photo-1596462502278-27bfdc403348
Madecassoside,Soothing,https://images.unsplash.com/photo-1617897903246-719242758050
Artemisia Princeps Extract,Soothing,https://images.unsplash.com/photo-1620916566398-39f1143ab7be
Propolis Extract,Antibacterial,https://images.unsplash.com/photo-1556228720-195a672e8a03
Oryza Sativa Bran Extract,Brightening,https://images.unsplash.com/photo-1598440947619-2c35fc9aa908
Curcuma Longa Root Extract,Antioxidant,https://images.unsplash.com/photo-1608248543803-ba4f8c70ae0b
Hamamelis Virginiana Extract,Astringent,https://images.unsplash.com/photo-1570172619644-dfd03ed5d881
Mandelic Acid,Exfoliant/AHA,https://images.unsplash.com/photo-1512290923902-8a9f81dc236c
Urea,Moisturizer,https://images.unsplash.com/photo-1522335789203-aabd1fc54bc9
Saccharomyces Ferment Filtrate,Moisturizer,https://images.unsplash.com/photo-1596462502278-27bfdc403348
dl-Alpha-Tocopheryl Acetate,Antioxidant,https://images.unsplash.com/photo-1617897903246-719242758050
Chamomilla Recutita Flower Extract,Soothing,https://images.unsplash.com/photo-1620916566398-39f1143ab7be
Argania Spinosa Kernel Oil,Emollient,https://images.unsplash.com/photo-1556228720-195a672e8a03
Beta Hydroxy Acid,Exfoliant/BHA,https://images.unsplash.com/photo-1598440947619-2c35fc9aa908
Polyhydroxy Acid,Exfoliant/PHA,https://images.unsplash.com/photo-1608248543803-ba4f8c70ae0b
Titanium Dioxide,UV Filter,https://images.unsplash.com/photo-1570172619644-dfd03ed5d881
Niacinamide 0.1% (Serum),Vitamin/Active,https://images.unsplash.com/photo-1620916566398-39f1143ab7be
Niacinamide 0.3% (Toner),Vitamin/Active,https://images.unsplash.com/photo-1620916566398-39f1143ab7be
Niacinamide 0.5% (Cream),Vitamin/Active,https://images.unsplash.com/photo-1620916566398-39f1143ab7be
Niacinamide 1% (Essence),Vitamin/Active,https://images.unsplash.com/photo-1620916566398-39f1143ab7be
Niacinamide 2% (Ampoule),Vitamin/Active,https://images.unsplash.com/photo-1620916566398-39f1143ab7be
Niacinamide 3% (Gel),Vitamin/Active,https://images.unsplash.com/photo-1620916566398-39f1143ab7be
Niacinamide 5% (Oil),Vitamin/Active,https://images.unsplash.com/photo-1620916566398-39f1143ab7be
Niacinamide 10% (Mask),Vitamin/Active,https://images.unsplash.com/photo-1620916566398-39f1143ab7be
Niacinamide 15% (Serum),Vitamin/Active,https://images.unsplash.com/photo-1620916566398-39f1143ab7be
Hyaluronic Acid 20% (Toner),Moisturizer,https://images.unsplash.com/photo-1556228720-195a672e8a03
Hyaluronic Acid 0.1% (Cream),Moisturizer,https://images.unsplash.com/photo-1556228720-195a672e8a03
Hyaluronic Acid 0.3% (Essence),Moisturizer,https://images.unsplash.com/photo-1556228720-195a672e8a03
Hyaluronic Acid 0.5% (Ampoule),Moisturizer,https://images.unsplash.com/photo-1556228720-195a672e8a03
Hyaluronic Acid 1% (Gel),Moisturizer,https://images.unsplash.com/photo-1556228720-195a672e8a03
Hyaluronic Acid 2% (Oil),Moisturizer,https://images.unsplash.com/photo-1556228720-195a672e8a03
Hyaluronic Acid 3% (Mask),Moisturizer,https://images.unsplash.com/photo-1556228720-195a672e8a03
Hyaluronic Acid 5% (Serum),Moisturizer,https://images.unsplash.com/photo-1556228720-195a672e8a03
Hyaluronic Acid 10% (Toner),Moisturizer,https://images.unsplash.com/photo-1556228720-195a672e8a03
Retinol 15% (Cream),Anti-Aging,https://images.unsplash.com/photo-1598440947619-2c35fc9aa908
Retinol 20% (Essence),Anti-Aging,https://images.unsplash.com/photo-1598440947619-2c35fc9aa908
Retinol 0.1% (Ampoule),Anti-Aging,https://images.unsplash.com/photo-1598440947619-2c35fc9aa908
Retinol 0.3% (Gel),Anti-Aging,https://images.unsplash.com/photo-1598440947619-2c35fc9aa908
Retinol 0.5% (Oil),Anti-Aging,https://images.unsplash.com/photo-1598440947619-2c35fc9aa908
Retinol 1% (Mask),Anti-Aging,https://images.unsplash.com/photo-1598440947619-2c35fc9aa908
Retinol 2% (Serum),Anti-Aging,https://images.unsplash.com/photo-1598440947619-2c35fc9aa908
Retinol 3% (Toner),Anti-Aging,https://images.unsplash.com/photo-1598440947619-2c35fc9aa908
Retinol 5% (Cream),Anti-Aging,https://images.unsplash.com/photo-1598440947619-2c35fc9aa908
Vitamin C (Ascorbic Acid) 10% (Essence),Antioxidant,https://images.unsplash.com/photo-1608248543803-ba4f8c70ae0b
Vitamin C (Ascorbic Acid) 15% (Ampoule),Antioxidant,https://images.unsplash.com/photo-1608248543803-ba4f8c70ae0b
Vitamin C (Ascorbic Acid) 20% (Gel),Antioxidant,https://images.unsplash.com/photo-1608248543803-ba4f8c70ae0b
Vitamin C (Ascorbic Acid) 0.1% (Oil),Antioxidant,https://images.unsplash.com/photo-1608248543803-ba4f8c70ae0b
Vitamin C (Ascorbic Acid) 0.3% (Mask),Antioxidant,https://images.unsplash.com/photo-1608248543803-ba4f8c70ae0b
Vitamin C (Ascorbic Acid) 0.5% (Serum),Antioxidant,https://images.unsplash.com/photo-1608248543803-ba4f8c70ae0b
Vitamin C (Ascorbic Acid) 1% (Toner),Antioxidant,https://images.unsplash.com/photo-1608248543803-ba4f8c70ae0b
Vitamin C (Ascorbic Acid) 2% (Cream),Antioxidant,https://images.unsplash.com/photo-1608248543803-ba4f8c70ae0b
Vitamin C (Ascorbic Acid) 3% (Essence),Antioxidant,https://images.unsplash.com/photo-1608248543803-ba4f8c70ae0b
Ceramide NP 5% (Ampoule),Barrier Repair,https://images.unsplash.com/photo-1570172619644-dfd03ed5d881
Ceramide NP 10% (Gel),Barrier Repair,https://images.unsplash.com/photo-1570172619644-dfd03ed5d881
Ceramide NP 15% (Oil),Barrier Repair,https://images.unsplash.com/photo-1570172619644-dfd03ed5d881
Ceramide NP 20% (Mask),Barrier Repair,https://images.unsplash.com/photo-1570172619644-dfd03ed5d881
Ceramide NP 0.1% (Serum),Barrier Repair,https://images.unsplash.com/photo-1570172619644-dfd03ed5d881
Ceramide NP 0.3% (Toner),Barrier Repair,https://images.unsplash.com/photo-1570172619644-dfd03ed5d881
Ceramide NP 0.5% (Cream),Barrier Repair,https://images.unsplash.com/photo-1570172619644-dfd03ed5d881
Ceramide NP 1% (Essence),Barrier Repair,https://images.unsplash.com/photo-1570172619644-dfd03ed5d881
Ceramide NP 2% (Ampoule),Barrier Repair,https://images.unsplash.com/photo-1570172619644-dfd03ed5d881
Salicylic Acid 3% (Gel),Exfoliant/BHA,https://images.unsplash.com/photo-1512290923902-8a9f81dc236c
Salicylic Acid 5% (Oil),Exfoliant/BHA,https://images.unsplash.com/photo-1512290923902-8a9f81dc236c
Salicylic Acid 10% (Mask),Exfoliant/BHA,https://images.unsplash.com/photo-1512290923902-8a9f81dc236c
Salicylic Acid 15% (Serum),Exfoliant/BHA,https://images.unsplash.com/photo-1512290923902-8a9f81dc236c
Salicylic Acid 20% (Toner),Exfoliant/BHA,https://images.unsplash.com/photo-1512290923902-8a9f81dc236c
Salicylic Acid 0.1% (Cream),Exfoliant/BHA,https://images.unsplash.com/photo-1512290923902-8a9f81dc236c
Salicylic Acid 0.3% (Essence),Exfoliant/BHA,https://images.unsplash.com/photo-1512290923902-8a9f81dc236c
Salicylic Acid 0.5% (Ampoule),Exfoliant/BHA,https://images.unsplash.com/photo-1512290923902-8a9f81dc236c
Salicylic Acid 1% (Gel),Exfoliant/BHA,https://images.unsplash.com/photo-1512290923902-8a9f81dc236c
Glycolic Acid 2% (Oil),Exfoliant/AHA,https://images.unsplash.com/photo-1522335789203-aabd1fc54bc9
Glycolic Acid 3% (Mask),Exfoliant/AHA,https://images.unsplash.com/photo-1522335789203-aabd1fc54bc9
Glycolic Acid 5% (Serum),Exfoliant/AHA,https://images.unsplash.com/photo-1522335789203-aabd1fc54bc9
Glycolic Acid 10% (Toner),Exfoliant/AHA,https://images.unsplash.com/photo-1522335789203-aabd1fc54bc9
Glycolic Acid 15% (Cream),Exfoliant/AHA,https://images.unsplash.com/photo-1522335789203-aabd1fc54bc9
Glycolic Acid 20% (Essence),Exfoliant/AHA,https://images.unsplash.com/photo-1522335789203-aabd1fc54bc9
Glycolic Acid 0.1% (Ampoule),Exfoliant/AHA,https://images.unsplash.com/photo-1522335789203-aabd1fc54bc9
Glycolic Acid 0.3% (Gel),Exfoliant/AHA,https://images.unsplash.com/photo-1522335789203-aabd1fc54bc9
Glycolic Acid 0.5% (Oil),Exfoliant/AHA,https://images.unsplash.com/photo-1522335789203-aabd1fc54bc9
Lactic Acid 1% (Mask),Exfoliant/AHA,https://images.unsplash.com/photo-1596462502278-27bfdc403348
Lactic Acid 2% (Serum),Exfoliant/AHA,https://images.unsplash.com/photo-1596462502278-27bfdc403348
Lactic Acid 3% (Toner),Exfoliant/AHA,https://images.unsplash.com/photo-1596462502278-27bfdc403348
Lactic Acid 5% (Cream),Exfoliant/AHA,https://images.unsplash.com/photo-1596462502278-27bfdc403348
Lactic Acid 10% (Essence),Exfoliant/AHA,https://images.unsplash.com/photo-1596462502278-27bfdc403348
Lactic Acid 15% (Ampoule),Exfoliant/AHA,https://images.unsplash.com/photo-1596462502278-27bfdc403348
Lactic Acid 20% (Gel),Exfoliant/AHA,https://images.unsplash.com/photo-1596462502278-27bfdc403348
Lactic Acid 0.1% (Oil),Exfoliant/AHA,https://images.unsplash.com/photo-1596462502278-27bfdc403348
Lactic Acid 0.3% (Mask),Exfoliant/AHA,https://images.unsplash.com/photo-1596462502278-27bfdc403348
Azelaic Acid 0.5% (Serum),Multi-Function,https://images.unsplash.com/photo-1617897903246-719242758050
Azelaic Acid 1% (Toner),Multi-Function,https://images.unsplash.com/photo-1617897903246-719242758050
Azelaic Acid 2% (Cream),Multi-Function,https://images.unsplash.com/photo-1617897903246-719242758050
Azelaic Acid 3% (Essence),Multi-Function,https://images.unsplash.com/photo-1617897903246-719242758050
Azelaic Acid 5% (Ampoule),Multi-Function,https://images.unsplash.com/photo-1617897903246-719242758050
Azelaic Acid 10% (Gel),Multi-Function,https://images.unsplash.com/photo-1617897903246-719242758050
Azelaic Acid 15% (Oil),Multi-Function,https://images.unsplash.com/photo-1617897903246-719242758050
Azelaic Acid 20% (Mask),Multi-Function,https://images.unsplash.com/photo-1617897903246-719242758050
Azelaic Acid 0.1% (Serum),Multi-Function,https://images.unsplash.com/photo-1617897903246-719242758050
Squalane 0.3% (Toner),Emollient,https://images.unsplash.com/photo-1620916566398-39f1143ab7be
Squalane 0.5% (Cream),Emollient,https://images.unsplash.com/photo-1620916566398-39f1143ab7be
Squalane 1% (Essence),Emollient,https://images.unsplash.com/photo-1620916566398-39f1143ab7be
Squalane 2% (Ampoule),Emollient,https://images.unsplash.com/photo-1620916566398-39f1143ab7be
Squalane 3% (Gel),Emollient,https://images.unsplash.com/photo-1620916566398-39f1143ab7be
Squalane 5% (Oil),Emollient,https://images.unsplash.com/photo-1620916566398-39f1143ab7be
Squalane 10% (Mask),Emollient,https://images.unsplash.com/photo-1620916566398-39f1143ab7be
Squalane 15% (Serum),Emollient,https://images.unsplash.com/photo-1620916566398-39f1143ab7be
Squalane 20% (Toner),Emollient,https://images.unsplash.com/photo-1620916566398-39f1143ab7be
Centella Asiatica Extract 0.1% (Cream),Soothing,https://images.unsplash.com/photo-1556228720-195a672e8a03
Centella Asiatica Extract 0.3% (Essence),Soothing,https://images.unsplash.com/photo-1556228720-195a672e8a03
Centella Asiatica Extract 0.5% (Ampoule),Soothing,https://images.unsplash.com/photo-1556228720-195a672e8a03
Centella Asiatica Extract 1% (Gel),Soothing,https://images.unsplash.com/photo-1556228720-195a672e8a03
Centella Asiatica Extract 2% (Oil),Soothing,https://images.unsplash.com/photo-1556228720-195a672e8a03
Centella Asiatica Extract 3% (Mask),Soothing,https://images.unsplash.com/photo-1556228720-195a672e8a03
Centella Asiatica Extract 5% (Serum),Soothing,https://images.unsplash.com/photo-1556228720-195a672e8a03
Centella Asiatica Extract 10% (Toner),Soothing,https://images.unsplash.com/photo-1556228720-195a672e8a03
Centella Asiatica Extract 15% (Cream),Soothing,https://images.unsplash.com/photo-1556228720-195a672e8a03
Snail Secretion Filtrate 20% (Essence),Repair,https://images.unsplash.com/photo-1598440947619-2c35fc9aa908
Snail Secretion Filtrate 0.1% (Ampoule),Repair,https://images.unsplash.com/photo-1598440947619-2c35fc9aa908
Snail Secretion Filtrate 0.3% (Gel),Repair,https://images.unsplash.com/photo-1598440947619-2c35fc9aa908
Snail Secretion Filtrate 0.5% (Oil),Repair,https://images.unsplash.com/photo-1598440947619-2c35fc9aa908
Snail Secretion Filtrate 1% (Mask),Repair,https://images.unsplash.com/photo-1598440947619-2c35fc9aa908
Snail Secretion Filtrate 2% (Serum),Repair,https://images.unsplash.com/photo-1598440947619-2c35fc9aa908
Snail Secretion Filtrate 3% (Toner),Repair,https://images.unsplash.com/photo-1598440947619-2c35fc9aa908
Snail Secretion Filtrate 5% (Cream),Repair,https://images.unsplash.com/photo-1598440947619-2c35fc9aa908
Snail Secretion Filtrate 10% (Essence),Repair,https://images.unsplash.com/photo-1598440947619-2c35fc9aa908
Panthenol 15% (Ampoule),Moisturizer,https://images.unsplash.com/photo-1608248543803-ba4f8c70ae0b
Panthenol 20% (Gel),Moisturizer,https://images.unsplash.com/photo-1608248543803-ba4f8c70ae0b
Panthenol 0.1% (Oil),Moisturizer,https://images.unsplash.com/photo-1608248543803-ba4f8c70ae0b
Panthenol 0.3% (Mask),Moisturizer,https://images.unsplash.com/photo-1608248543803-ba4f8c70ae0b
Panthenol 0.5% (Serum),Moisturizer,https://images.unsplash.com/photo-1608248543803-ba4f8c70ae0b
Panthenol 1% (Toner),Moisturizer,https://images.unsplash.com/photo-1608248543803-ba4f8c70ae0b
Panthenol 2% (Cream),Moisturizer,https://images.unsplash.com/photo-1608248543803-ba4f8c70ae0b
Panthenol 3% (Essence),Moisturizer,https://images.unsplash.com/photo-1608248543803-ba4f8c70ae0b
Panthenol 5% (Ampoule),Moisturizer,https://images.unsplash.com/photo-1608248543803-ba4f8c70ae0b
Allantoin 10% (Gel),Soothing,https://images.unsplash.com/photo-1570172619644-dfd03ed5d881
Allantoin 15% (Oil),Soothing,https://images.unsplash.com/photo-1570172619644-dfd03ed5d881
Allantoin 20% (Mask),Soothing,https://images.unsplash.com/photo-1570172619644-dfd03ed5d881
Allantoin 0.1% (Serum),Soothing,https://images.unsplash.com/photo-1570172619644-dfd03ed5d881
Allantoin 0.3% (Toner),Soothing,https://images.unsplash.com/photo-1570172619644-dfd03ed5d881
Allantoin 0.5% (Cream),Soothing,https://images.unsplash.com/photo-1570172619644-dfd03ed5d881
Allantoin 1% (Essence),Soothing,https://images.unsplash.com/photo-1570172619644-dfd03ed5d881
Allantoin 2% (Ampoule),Soothing,https://images.unsplash.com/photo-1570172619644-dfd03ed5d881
Allantoin 3% (Gel),Soothing,https://images.unsplash.com/photo-1570172619644-dfd03ed5d881
Palmitoyl Tripeptide-1 5% (Oil),Anti-Aging/Peptide,https://images.unsplash.com/photo-1512290923902-8a9f81dc236c
Palmitoyl Tripeptide-1 10% (Mask),Anti-Aging/Peptide,https://images.unsplash.com/photo-1512290923902-8a9f81dc236c
Palmitoyl Tripeptide-1 15% (Serum),Anti-Aging/Peptide,https://images.unsplash.com/photo-1512290923902-8a9f81dc236c
Palmitoyl Tripeptide-1 20% (Toner),Anti-Aging/Peptide,https://images.unsplash.com/photo-1512290923902-8a9f81dc236c
Palmitoyl Tripeptide-1 0.1% (Cream),Anti-Aging/Peptide,https://images.unsplash.com/photo-1512290923902-8a9f81dc236c
Palmitoyl Tripeptide-1 0.3% (Essence),Anti-Aging/Peptide,https://images.unsplash.com/photo-1512290923902-8a9f81dc236c
Palmitoyl Tripeptide-1 0.5% (Ampoule),Anti-Aging/Peptide,https://images.unsplash.com/photo-1512290923902-8a9f81dc236c
Palmitoyl Tripeptide-1 1% (Gel),Anti-Aging/Peptide,https://images.unsplash.com/photo-1512290923902-8a9f81dc236c
Palmitoyl Tripeptide-1 2% (Oil),Anti-Aging/Peptide,https://images.unsplash.com/photo-1512290923902-8a9f81dc236c
Benzoyl Peroxide 3% (Mask),Anti-Acne,https://images.unsplash.com/photo-1522335789203-aabd1fc54bc9
Benzoyl Peroxide 5% (Serum),Anti-Acne,https://images.unsplash.com/photo-1522335789203-aabd1fc54bc9
Benzoyl Peroxide 10% (Toner),Anti-Acne,https://images.unsplash.com/photo-1522335789203-aabd1fc54bc9
Benzoyl Peroxide 15% (Cream),Anti-Acne,https://images.unsplash.com/photo-1522335789203-aabd1fc54bc9
Benzoyl Peroxide 20% (Essence),Anti-Acne,https://images.unsplash.com/photo-1522335789203-aabd1fc54bc9
Benzoyl Peroxide 0.1% (Ampoule),Anti-Acne,https://images.unsplash.com/photo-1522335789203-aabd1fc54bc9
Benzoyl Peroxide 0.3% (Gel),Anti-Acne,https://images.unsplash.com/photo-1522335789203-aabd1fc54bc9
Benzoyl Peroxide 0.5% (Oil),Anti-Acne,https://images.unsplash.com/photo-1522335789203-aabd1fc54bc9
Benzoyl Peroxide 1% (Mask),Anti-Acne,https://images.unsplash.com/photo-1522335789203-aabd1fc54bc9
Tranexamic Acid 2% (Serum),Brightening,https://images.unsplash.com/photo-1596462502278-27bfdc403348
Tranexamic Acid 3% (Toner),Brightening,https://images.unsplash.com/photo-1596462502278-27bfdc403348
Tranexamic Acid 5% (Cream),Brightening,https://images.unsplash.com/photo-1596462502278-27bfdc403348
Tranexamic Acid 10% (Essence),Brightening,https://images.unsplash.com/photo-1596462502278-27bfdc403348
Tranexamic Acid 15% (Ampoule),Brightening,https://images.unsplash.com/photo-1596462502278-27bfdc403348
Tranexamic Acid 20% (Gel),Brightening,https://images.unsplash.com/photo-1596462502278-27bfdc403348
Tranexamic Acid 0.1% (Oil),Brightening,https://images.unsplash.com/photo-1596462502278-27bfdc403348
Tranexamic Acid 0.3% (Mask),Brightening,https://images.unsplash.com/photo-1596462502278-27bfdc403348
Tranexamic Acid 0.5% (Serum),Brightening,https://images.unsplash.com/photo-1596462502278-27bfdc403348
Alpha-Arbutin 1% (Toner),Brightening,https://images.unsplash.com/photo-1617897903246-719242758050
Alpha-Arbutin 2% (Cream),Brightening,https://images.unsplash.com/photo-1617897903246-719242758050
Alpha-Arbutin 3% (Essence),Brightening,https://images.unsplash.com/photo-1617897903246-719242758050
Alpha-Arbutin 5% (Ampoule),Brightening,https://images.unsplash.com/photo-1617897903246-719242758050
Alpha-Arbutin 10% (Gel),Brightening,https://images.unsplash.com/photo-1617897903246-719242758050
Alpha-Arbutin 15% (Oil),Brightening,https://images.unsplash.com/photo-1617897903246-719242758050
Alpha-Arbutin 20% (Mask),Brightening,https://images.unsplash.com/photo-1617897903246-719242758050
Alpha-Arbutin 0.1% (Serum),Brightening,https://images.unsplash.com/photo-1617897903246-719242758050
Alpha-Arbutin 0.3% (Toner),Brightening,https://images.unsplash.com/photo-1617897903246-719242758050
Kojic Acid 0.5% (Cream),Brightening,https://images.unsplash.com/photo-1620916566398-39f1143ab7be
Kojic Acid 1% (Essence),Brightening,https://images.unsplash.com/photo-1620916566398-39f1143ab7be
Kojic Acid 2% (Ampoule),Brightening,https://images.unsplash.com/photo-1620916566398-39f1143ab7be
Kojic Acid 3% (Gel),Brightening,https://images.unsplash.com/photo-1620916566398-39f1143ab7be
Kojic Acid 5% (Oil),Brightening,https://images.unsplash.com/photo-1620916566398-39f1143ab7be
Kojic Acid 10% (Mask),Brightening,https://images.unsplash.com/photo-1620916566398-39f1143ab7be
Kojic Acid 15% (Serum),Brightening,https://images.unsplash.com/photo-1620916566398-39f1143ab7be
Kojic Acid 20% (Toner),Brightening,https://images.unsplash.com/photo-1620916566398-39f1143ab7be
Kojic Acid 0.1% (Cream),Brightening,https://images.unsplash.com/photo-1620916566398-39f1143ab7be
Resveratrol 0.3% (Essence),Antioxidant,https://images.unsplash.com/photo-1556228720-195a672e8a03
Resveratrol 0.5% (Ampoule),Antioxidant,https://images.unsplash.com/photo-1556228720-195a672e8a03
Resveratrol 1% (Gel),Antioxidant,https://images.unsplash.com/photo-1556228720-195a672e8a03
Resveratrol 2% (Oil),Antioxidant,https://images.unsplash.com/photo-1556228720-195a672e8a03
Resveratrol 3% (Mask),Antioxidant,https://images.unsplash.com/photo-1556228720-195a672e8a03
Resveratrol 5% (Serum),Antioxidant,https://images.unsplash.com/photo-1556228720-195a672e8a03
Resveratrol 10% (Toner),Antioxidant,https://images.unsplash.com/photo-1556228720-195a672e8a03
Resveratrol 15% (Cream),Antioxidant,https://images.unsplash.com/photo-1556228720-195a672e8a03
Resveratrol 20% (Essence),Antioxidant,https://images.unsplash.com/photo-1556228720-195a672e8a03
Bakuchiol 0.1% (Ampoule),Anti-Aging,https://images.unsplash.com/photo-1598440947619-2c35fc9aa908
Bakuchiol 0.3% (Gel),Anti-Aging,https://images.unsplash.com/photo-1598440947619-2c35fc9aa908
Bakuchiol 0.5% (Oil),Anti-Aging,https://images.unsplash.com/photo-1598440947619-2c35fc9aa908
Bakuchiol 1% (Mask),Anti-Aging,https://images.unsplash.com/photo-1598440947619-2c35fc9aa908
Bakuchiol 2% (Serum),Anti-Aging,https://images.unsplash.com/photo-1598440947619-2c35fc9aa908
Bakuchiol 3% (Toner),Anti-Aging,https://images.unsplash.com/photo-1598440947619-2c35fc9aa908
Bakuchiol 5% (Cream),Anti-Aging,https://images.unsplash.com/photo-1598440947619-2c35fc9aa908
Bakuchiol 10% (Essence),Anti-Aging,https://images.unsplash.com/photo-1598440947619-2c35fc9aa908
Bakuchiol 15% (Ampoule),Anti-Aging,https://images.unsplash.com/photo-1598440947619-2c35fc9aa908
Zinc Oxide 20% (Gel),UV Filter,https://images.unsplash.com/photo-1608248543803-ba4f8c70ae0b
Zinc Oxide 0.1% (Oil),UV Filter,https://images.unsplash.com/photo-1608248543803-ba4f8c70ae0b
Zinc Oxide 0.3% (Mask),UV Filter,https://images.unsplash.com/photo-1608248543803-ba4f8c70ae0b
Zinc Oxide 0.5% (Serum),UV Filter,https://images.unsplash.com/photo-1608248543803-ba4f8c70ae0b
Zinc Oxide 1% (Toner),UV Filter,https://images.unsplash.com/photo-1608248543803-ba4f8c70ae0b
Zinc Oxide 2% (Cream),UV Filter,https://images.unsplash.com/photo-1608248543803-ba4f8c70ae0b
Zinc Oxide 3% (Essence),UV Filter,https://images.unsplash.com/photo-1608248543803-ba4f8c70ae0b
Zinc Oxide 5% (Ampoule),UV Filter,https://images.unsplash.com/photo-1608248543803-ba4f8c70ae0b
Zinc Oxide 10% (Gel),UV Filter,https://images.unsplash.com/photo-1608248543803-ba4f8c70ae0b
Adenosine 15% (Oil),Anti-Aging,https://images.unsplash.com/photo-1570172619644-dfd03ed5d881
Adenosine 20% (Mask),Anti-Aging,https://images.unsplash.com/photo-1570172619644-dfd03ed5d881
Adenosine 0.1% (Serum),Anti-Aging,https://images.unsplash.com/photo-1570172619644-dfd03ed5d881
Adenosine 0.3% (Toner),Anti-Aging,https://images.unsplash.com/photo-1570172619644-dfd03ed5d881
Adenosine 0.5% (Cream),Anti-Aging,https://images.unsplash.com/photo-1570172619644-dfd03ed5d881
Adenosine 1% (Essence),Anti-Aging,https://images.unsplash.com/photo-1570172619644-dfd03ed5d881
Adenosine 2% (Ampoule),Anti-Aging,https://images.unsplash.com/photo-1570172619644-dfd03ed5d881
Adenosine 3% (Gel),Anti-Aging,https://images.unsplash.com/photo-1570172619644-dfd03ed5d881
Adenosine 5% (Oil),Anti-Aging,https://images.unsplash.com/photo-1570172619644-dfd03ed5d881
Caffeine 10% (Mask),Antioxidant,https://images.unsplash.com/photo-1512290923902-8a9f81dc236c
Caffeine 15% (Serum),Antioxidant,https://images.unsplash.com/photo-1512290923902-8a9f81dc236c
Caffeine 20% (Toner),Antioxidant,https://images.unsplash.com/photo-1512290923902-8a9f81dc236c
Caffeine 0.1% (Cream),Antioxidant,https://images.unsplash.com/photo-1512290923902-8a9f81dc236c
Caffeine 0.3% (Essence),Antioxidant,https://images.unsplash.com/photo-1512290923902-8a9f81dc236c
Caffeine 0.5% (Ampoule),Antioxidant,https://images.unsplash.com/photo-1512290923902-8a9f81dc236c
Caffeine 1% (Gel),Antioxidant,https://images.unsplash.com/photo-1512290923902-8a9f81dc236c
Caffeine 2% (Oil),Antioxidant,https://images.unsplash.com/photo-1512290923902-8a9f81dc236c
Caffeine 3% (Mask),Antioxidant,https://images.unsplash.com/photo-1512290923902-8a9f81dc236c
Melaleuca Alternifolia Leaf Oil 5% (Serum),Antibacterial,https://images.unsplash.com/photo-1522335789203-aabd1fc54bc9
Melaleuca Alternifolia Leaf Oil 10% (Toner),Antibacterial,https://images.unsplash.com/photo-1522335789203-aabd1fc54bc9
Melaleuca Alternifolia Leaf Oil 15% (Cream),Antibacterial,https://images.unsplash.com/photo-1522335789203-aabd1fc54bc9
Melaleuca Alternifolia Leaf Oil 20% (Essence),Antibacterial,https://images.unsplash.com/photo-1522335789203-aabd1fc54bc9
Melaleuca Alternifolia Leaf Oil 0.1% (Ampoule),Antibacterial,https://images.unsplash.com/photo-1522335789203-aabd1fc54bc9
Melaleuca Alternifolia Leaf Oil 0.3% (Gel),Antibacterial,https://images.unsplash.com/photo-1522335789203-aabd1fc54bc9
Melaleuca Alternifolia Leaf Oil 0.5% (Oil),Antibacterial,https://images.unsplash.com/photo-1522335789203-aabd1fc54bc9
Melaleuca Alternifolia Leaf Oil 1% (Mask),Antibacterial,https://images.unsplash.com/photo-1522335789203-aabd1fc54bc9
Melaleuca Alternifolia Leaf Oil 2% (Serum),Antibacterial,https://images.unsplash.com/photo-1522335789203-aabd1fc54bc9
Aloe Barbadensis Leaf Extract 3% (Toner),Soothing,https://images.unsplash.com/photo-1596462502278-27bfdc403348
Aloe Barbadensis Leaf Extract 5% (Cream),Soothing,https://images.unsplash.com/photo-1596462502278-27bfdc403348
Aloe Barbadensis Leaf Extract 10% (Essence),Soothing,https://images.unsplash.com/photo-1596462502278-27bfdc403348
Aloe Barbadensis Leaf Extract 15% (Ampoule),Soothing,https://images.unsplash.com/photo-1596462502278-27bfdc403348
Aloe Barbadensis Leaf Extract 20% (Gel),Soothing,https://images.unsplash.com/photo-1596462502278-27bfdc403348
Aloe Barbadensis Leaf Extract 0.1% (Oil),Soothing,https://images.unsplash.com/photo-1596462502278-27bfdc403348
Aloe Barbadensis Leaf Extract 0.3% (Mask),Soothing,https://images.unsplash.com/photo-1596462502278-27bfdc403348
Aloe Barbadensis Leaf Extract 0.5% (Serum),Soothing,https://images.unsplash.com/photo-1596462502278-27bfdc403348
Aloe Barbadensis Leaf Extract 1% (Toner),Soothing,https://images.unsplash.com/photo-1596462502278-27bfdc403348
Ferulic Acid 2% (Cream),Antioxidant,https://images.unsplash.com/photo-1617897903246-719242758050
Ferulic Acid 3% (Essence),Antioxidant,https://images.unsplash.com/photo-1617897903246-719242758050
Ferulic Acid 5% (Ampoule),Antioxidant,https://images.unsplash.com/photo-1617897903246-719242758050
Ferulic Acid 10% (Gel),Antioxidant,https://images.unsplash.com/photo-1617897903246-719242758050
Ferulic Acid 15% (Oil),Antioxidant,https://images.unsplash.com/photo-1617897903246-719242758050
Ferulic Acid 20% (Mask),Antioxidant,https://images.unsplash.com/photo-1617897903246-719242758050
Ferulic Acid 0.1% (Serum),Antioxidant,https://images.unsplash.com/photo-1617897903246-719242758050
Ferulic Acid 0.3% (Toner),Antioxidant,https://images.unsplash.com/photo-1617897903246-719242758050
Ferulic Acid 0.5% (Cream),Antioxidant,https://images.unsplash.com/photo-1617897903246-719242758050
Camellia Sinensis Leaf Extract 1% (Essence),Antioxidant,https://images.unsplash.com/photo-1620916566398-39f1143ab7be
Camellia Sinensis Leaf Extract 2% (Ampoule),Antioxidant,https://images.unsplash.com/photo-1620916566398-39f1143ab7be
Camellia Sinensis Leaf Extract 3% (Gel),Antioxidant,https://images.unsplash.com/photo-1620916566398-39f1143ab7be
Camellia Sinensis Leaf Extract 5% (Oil),Antioxidant,https://images.unsplash.com/photo-1620916566398-39f1143ab7be
Camellia Sinensis Leaf Extract 10% (Mask),Antioxidant,https://images.unsplash.com/photo-1620916566398-39f1143ab7be
Camellia Sinensis Leaf Extract 15% (Serum),Antioxidant,https://images.unsplash.com/photo-1620916566398-39f1143ab7be
Camellia Sinensis Leaf Extract 20% (Toner),Antioxidant,https://images.unsplash.com/photo-1620916566398-39f1143ab7be
Camellia Sinensis Leaf Extract 0.1% (Cream),Antioxidant,https://images.unsplash.com/photo-1620916566398-39f1143ab7be
Camellia Sinensis Leaf Extract 0.3% (Essence),Antioxidant,https://images.unsplash.com/photo-1620916566398-39f1143ab7be
Glycyrrhiza Glabra Root Extract 0.5% (Ampoule),Brightening,https://images.unsplash.com/photo-1556228720-195a672e8a03
Glycyrrhiza Glabra Root Extract 1% (Gel),Brightening,https://images.unsplash.com/photo-1556228720-195a672e8a03
Glycyrrhiza Glabra Root Extract 2% (Oil),Brightening,https://images.unsplash.com/photo-1556228720-195a672e8a03
Glycyrrhiza Glabra Root Extract 3% (Mask),Brightening,https://images.unsplash.com/photo-1556228720-195a672e8a03
Glycyrrhiza Glabra Root Extract 5% (Serum),Brightening,https://images.unsplash.com/photo-1556228720-195a672e8a03
Glycyrrhiza Glabra Root Extract 10% (Toner),Brightening,https://images.unsplash.com/photo-1556228720-195a672e8a03
Glycyrrhiza Glabra Root Extract 15% (Cream),Brightening,https://images.unsplash.com/photo-1556228720-195a672e8a03
Glycyrrhiza Glabra Root Extract 20% (Essence),Brightening,https://images.unsplash.com/photo-1556228720-195a672e8a03
Glycyrrhiza Glabra Root Extract 0.1% (Ampoule),Brightening,https://images.unsplash.com/photo-1556228720-195a672e8a03
Hydrolyzed Collagen 0.3% (Gel),Anti-Aging,https://images.unsplash.com/photo-1598440947619-2c35fc9aa908
Hydrolyzed Collagen 0.5% (Oil),Anti-Aging,https://images.unsplash.com/photo-1598440947619-2c35fc9aa908
Hydrolyzed Collagen 1% (Mask),Anti-Aging,https://images.unsplash.com/photo-1598440947619-2c35fc9aa908
Hydrolyzed Collagen 2% (Serum),Anti-Aging,https://images.unsplash.com/photo-1598440947619-2c35fc9aa908
Hydrolyzed Collagen 3% (Toner),Anti-Aging,https://images.unsplash.com/photo-1598440947619-2c35fc9aa908
Hydrolyzed Collagen 5% (Cream),Anti-Aging,https://images.unsplash.com/photo-1598440947619-2c35fc9aa908
Hydrolyzed Collagen 10% (Essence),Anti-Aging,https://images.unsplash.com/photo-1598440947619-2c35fc9aa908
Hydrolyzed Collagen 15% (Ampoule),Anti-Aging,https://images.unsplash.com/photo-1598440947619-2c35fc9aa908
Hydrolyzed Collagen 20% (Gel),Anti-Aging,https://images.unsplash.com/photo-1598440947619-2c35fc9aa908
Glycerin 0.1% (Oil),Moisturizer,https://images.unsplash.com/photo-1608248543803-ba4f8c70ae0b
Glycerin 0.3% (Mask),Moisturizer,https://images.unsplash.com/photo-1608248543803-ba4f8c70ae0b
Glycerin 0.5% (Serum),Moisturizer,https://images.unsplash.com/photo-1608248543803-ba4f8c70ae0b
Glycerin 1% (Toner),Moisturizer,https://images.unsplash.com/photo-1608248543803-ba4f8c70ae0b
Glycerin 2% (Cream),Moisturizer,https://images.unsplash.com/photo-1608248543803-ba4f8c70ae0b
Glycerin 3% (Essence),Moisturizer,https://images.unsplash.com/photo-1608248543803-ba4f8c70ae0b
Glycerin 5% (Ampoule),Moisturizer,https://images.unsplash.com/photo-1608248543803-ba4f8c70ae0b
Glycerin 10% (Gel),Moisturizer,https://images.unsplash.com/photo-1608248543803-ba4f8c70ae0b
Glycerin 15% (Oil),Moisturizer,https://images.unsplash.com/photo-1608248543803-ba4f8c70ae0b
Tocopherol 20% (Mask),Antioxidant,https://images.unsplash.com/photo-1570172619644-dfd03ed5d881
Tocopherol 0.1% (Serum),Antioxidant,https://images.unsplash.com/photo-1570172619644-dfd03ed5d881
Tocopherol 0.3% (Toner),Antioxidant,https://images.unsplash.com/photo-1570172619644-dfd03ed5d881
Tocopherol 0.5% (Cream),Antioxidant,https://images.unsplash.com/photo-1570172619644-dfd03ed5d881
Tocopherol 1% (Essence),Antioxidant,https://images.unsplash.com/photo-1570172619644-dfd03ed5d881
Tocopherol 2% (Ampoule),Antioxidant,https://images.unsplash.com/photo-1570172619644-dfd03ed5d881
Tocopherol 3% (Gel),Antioxidant,https://images.unsplash.com/photo-1570172619644-dfd03ed5d881
Tocopherol 5% (Oil),Antioxidant,https://images.unsplash.com/photo-1570172619644-dfd03ed5d881
Tocopherol 10% (Mask),Antioxidant,https://images.unsplash.com/photo-1570172619644-dfd03ed5d881
Simmondsia Chinensis Seed Oil 15% (Serum),Emollient,https://images.unsplash.com/photo-1512290923902-8a9f81dc236c
Simmondsia Chinensis Seed Oil 20% (Toner),Emollient,https://images.unsplash.com/photo-1512290923902-8a9f81dc236c
Simmondsia Chinensis Seed Oil 0.1% (Cream),Emollient,https://images.unsplash.com/photo-1512290923902-8a9f81dc236c
Simmondsia Chinensis Seed Oil 0.3% (Essence),Emollient,https://images.unsplash.com/photo-1512290923902-8a9f81dc236c
Simmondsia Chinensis Seed Oil 0.5% (Ampoule),Emollient,https://images.unsplash.com/photo-1512290923902-8a9f81dc236c
Simmondsia Chinensis Seed Oil 1% (Gel),Emollient,https://images.unsplash.com/photo-1512290923902-8a9f81dc236c
Simmondsia Chinensis Seed Oil 2% (Oil),Emollient,https://images.unsplash.com/photo-1512290923902-8a9f81dc236c
Simmondsia Chinensis Seed Oil 3% (Mask),Emollient,https://images.unsplash.com/photo-1512290923902-8a9f81dc236c
Simmondsia Chinensis Seed Oil 5% (Serum),Emollient,https://images.unsplash.com/photo-1512290923902-8a9f81dc236c
Rosa Canina Fruit Oil 10% (Toner),Antioxidant,https://images.unsplash.com/photo-1522335789203-aabd1fc54bc9
Rosa Canina Fruit Oil 15% (Cream),Antioxidant,https://images.unsplash.com/photo-1522335789203-aabd1fc54bc9
Rosa Canina Fruit Oil 20% (Essence),Antioxidant,https://images.unsplash.com/photo-1522335789203-aabd1fc54bc9
Rosa Canina Fruit Oil 0.1% (Ampoule),Antioxidant,https://images.unsplash.com/photo-1522335789203-aabd1fc54bc9
Rosa Canina Fruit Oil 0.3% (Gel),Antioxidant,https://images.unsplash.com/photo-1522335789203-aabd1fc54bc9
Rosa Canina Fruit Oil 0.5% (Oil),Antioxidant,https://images.unsplash.com/photo-1522335789203-aabd1fc54bc9
Rosa Canina Fruit Oil 1% (Mask),Antioxidant,https://images.unsplash.com/photo-1522335789203-aabd1fc54bc9
Rosa Canina Fruit Oil 2% (Serum),Antioxidant,https://images.unsplash.com/photo-1522335789203-aabd1fc54bc9
Rosa Canina Fruit Oil 3% (Toner),Antioxidant,https://images.unsplash.com/photo-1522335789203-aabd1fc54bc9
Butyrospermum Parkii Butter 5% (Cream),Emollient,https://images.unsplash.com/photo-1596462502278-27bfdc403348
Butyrospermum Parkii Butter 10% (Essence),Emollient,https://images.unsplash.com/photo-1596462502278-27bfdc403348
Butyrospermum Parkii Butter 15% (Ampoule),Emollient,https://images.unsplash.com/photo-1596462502278-27bfdc403348
Butyrospermum Parkii Butter 20% (Gel),Emollient,https://images.unsplash.com/photo-1596462502278-27bfdc403348
Butyrospermum Parkii Butter 0.1% (Oil),Emollient,https://images.unsplash.com/photo-1596462502278-27bfdc403348
Butyrospermum Parkii Butter 0.3% (Mask),Emollient,https://images.unsplash.com/photo-1596462502278-27bfdc403348
Butyrospermum Parkii Butter 0.5% (Serum),Emollient,https://images.unsplash.com/photo-1596462502278-27bfdc403348
Butyrospermum Parkii Butter 1% (Toner),Emollient,https://images.unsplash.com/photo-1596462502278-27bfdc403348
Butyrospermum Parkii Butter 2% (Cream),Emollient,https://images.unsplash.com/photo-1596462502278-27bfdc403348
Madecassoside 3% (Essence),Soothing,https://images.unsplash.com/photo-1617897903246-719242758050
Madecassoside 5% (Ampoule),Soothing,https://images.unsplash.com/photo-1617897903246-719242758050
Madecassoside 10% (Gel),Soothing,https://images.unsplash.com/photo-1617897903246-719242758050
Madecassoside 15% (Oil),Soothing,https://images.unsplash.com/photo-1617897903246-719242758050
Madecassoside 20% (Mask),Soothing,https://images.unsplash.com/photo-1617897903246-719242758050
Madecassoside 0.1% (Serum),Soothing,https://images.unsplash.com/photo-1617897903246-719242758050
Madecassoside 0.3% (Toner),Soothing,https://images.unsplash.com/photo-1617897903246-719242758050
Madecassoside 0.5% (Cream),Soothing,https://images.unsplash.com/photo-1617897903246-719242758050
Madecassoside 1% (Essence),Soothing,https://images.unsplash.com/photo-1617897903246-719242758050
Artemisia Princeps Extract 2% (Ampoule),Soothing,https://images.unsplash.com/photo-1620916566398-39f1143ab7be
Artemisia Princeps Extract 3% (Gel),Soothing,https://images.unsplash.com/photo-1620916566398-39f1143ab7be
Artemisia Princeps Extract 5% (Oil),Soothing,https://images.unsplash.com/photo-1620916566398-39f1143ab7be
Artemisia Princeps Extract 10% (Mask),Soothing,https://images.unsplash.com/photo-1620916566398-39f1143ab7be
Artemisia Princeps Extract 15% (Serum),Soothing,https://images.unsplash.com/photo-1620916566398-39f1143ab7be
Artemisia Princeps Extract 20% (Toner),Soothing,https://images.unsplash.com/photo-1620916566398-39f1143ab7be
Artemisia Princeps Extract 0.1% (Cream),Soothing,https://images.unsplash.com/photo-1620916566398-39f1143ab7be
Artemisia Princeps Extract 0.3% (Essence),Soothing,https://images.unsplash.com/photo-1620916566398-39f1143ab7be
Artemisia Princeps Extract 0.5% (Ampoule),Soothing,https://images.unsplash.com/photo-1620916566398-39f1143ab7be
Propolis Extract 1% (Gel),Antibacterial,https://images.unsplash.com/photo-1556228720-195a672e8a03
Propolis Extract 2% (Oil),Antibacterial,https://images.unsplash.com/photo-1556228720-195a672e8a03
Propolis Extract 3% (Mask),Antibacterial,https://images.unsplash.com/photo-1556228720-195a672e8a03
Propolis Extract 5% (Serum),Antibacterial,https://images.unsplash.com/photo-1556228720-195a672e8a03
Propolis Extract 10% (Toner),Antibacterial,https://images.unsplash.com/photo-1556228720-195a672e8a03
Propolis Extract 15% (Cream),Antibacterial,https://images.unsplash.com/photo-1556228720-195a672e8a03
Propolis Extract 20% (Essence),Antibacterial,https://images.unsplash.com/photo-1556228720-195a672e8a03
Propolis Extract 0.1% (Ampoule),Antibacterial,https://images.unsplash.com/photo-1556228720-195a672e8a03
Propolis Extract 0.3% (Gel),Antibacterial,https://images.unsplash.com/photo-1556228720-195a672e8a03
Oryza Sativa Bran Extract 0.5% (Oil),Brightening,https://images.unsplash.com/photo-1598440947619-2c35fc9aa908
Oryza Sativa Bran Extract 1% (Mask),Brightening,https://images.unsplash.com/photo-1598440947619-2c35fc9aa908
Oryza Sativa Bran Extract 2% (Serum),Brightening,https://images.unsplash.com/photo-1598440947619-2c35fc9aa908
Oryza Sativa Bran Extract 3% (Toner),Brightening,https://images.unsplash.com/photo-1598440947619-2c35fc9aa908
Oryza Sativa Bran Extract 5% (Cream),Brightening,https://images.unsplash.com/photo-1598440947619-2c35fc9aa908
Oryza Sativa Bran Extract 10% (Essence),Brightening,https://images.unsplash.com/photo-1598440947619-2c35fc9aa908
Oryza Sativa Bran Extract 15% (Ampoule),Brightening,https://images.unsplash.com/photo-1598440947619-2c35fc9aa908
Oryza Sativa Bran Extract 20% (Gel),Brightening,https://images.unsplash.com/photo-1598440947619-2c35fc9aa908
Oryza Sativa Bran Extract 0.1% (Oil),Brightening,https://images.unsplash.com/photo-1598440947619-2c35fc9aa908
Curcuma Longa Root Extract 0.3% (Mask),Antioxidant,https://images.unsplash.com/photo-1608248543803-ba4f8c70ae0b
Curcuma Longa Root Extract 0.5% (Serum),Antioxidant,https://images.unsplash.com/photo-1608248543803-ba4f8c70ae0b
Curcuma Longa Root Extract 1% (Toner),Antioxidant,https://images.unsplash.com/photo-1608248543803-ba4f8c70ae0b
Curcuma Longa Root Extract 2% (Cream),Antioxidant,https://images.unsplash.com/photo-1608248543803-ba4f8c70ae0b
Curcuma Longa Root Extract 3% (Essence),Antioxidant,https://images.unsplash.com/photo-1608248543803-ba4f8c70ae0b
Curcuma Longa Root Extract 5% (Ampoule),Antioxidant,https://images.unsplash.com/photo-1608248543803-ba4f8c70ae0b
Curcuma Longa Root Extract 10% (Gel),Antioxidant,https://images.unsplash.com/photo-1608248543803-ba4f8c70ae0b
Curcuma Longa Root Extract 15% (Oil),Antioxidant,https://images.unsplash.com/photo-1608248543803-ba4f8c70ae0b
Curcuma Longa Root Extract 20% (Mask),Antioxidant,https://images.unsplash.com/photo-1608248543803-ba4f8c70ae0b
Hamamelis Virginiana Extract 0.1% (Serum),Astringent,https://images.unsplash.com/photo-1570172619644-dfd03ed5d881
Hamamelis Virginiana Extract 0.3% (Toner),Astringent,https://images.unsplash.com/photo-1570172619644-dfd03ed5d881
Hamamelis Virginiana Extract 0.5% (Cream),Astringent,https://images.unsplash.com/photo-1570172619644-dfd03ed5d881
Hamamelis Virginiana Extract 1% (Essence),Astringent,https://images.unsplash.com/photo-1570172619644-dfd03ed5d881
Hamamelis Virginiana Extract 2% (Ampoule),Astringent,https://images.unsplash.com/photo-1570172619644-dfd03ed5d881
Hamamelis Virginiana Extract 3% (Gel),Astringent,https://images.unsplash.com/photo-1570172619644-dfd03ed5d881
Hamamelis Virginiana Extract 5% (Oil),Astringent,https://images.unsplash.com/photo-1570172619644-dfd03ed5d881
Hamamelis Virginiana Extract 10% (Mask),Astringent,https://images.unsplash.com/photo-1570172619644-dfd03ed5d881
Hamamelis Virginiana Extract 15% (Serum),Astringent,https://images.unsplash.com/photo-1570172619644-dfd03ed5d881
Mandelic Acid 20% (Toner),Exfoliant/AHA,https://images.unsplash.com/photo-1512290923902-8a9f81dc236c
Mandelic Acid 0.1% (Cream),Exfoliant/AHA,https://images.unsplash.com/photo-1512290923902-8a9f81dc236c
Mandelic Acid 0.3% (Essence),Exfoliant/AHA,https://images.unsplash.com/photo-1512290923902-8a9f81dc236c
Mandelic Acid 0.5% (Ampoule),Exfoliant/AHA,https://images.unsplash.com/photo-1512290923902-8a9f81dc236c
Mandelic Acid 1% (Gel),Exfoliant/AHA,https://images.unsplash.com/photo-1512290923902-8a9f81dc236c
Mandelic Acid 2% (Oil),Exfoliant/AHA,https://images.unsplash.com/photo-1512290923902-8a9f81dc236c
Mandelic Acid 3% (Mask),Exfoliant/AHA,https://images.unsplash.com/photo-1512290923902-8a9f81dc236c
Mandelic Acid 5% (Serum),Exfoliant/AHA,https://images.unsplash.com/photo-1512290923902-8a9f81dc236c
Mandelic Acid 10% (Toner),Exfoliant/AHA,https://images.unsplash.com/photo-1512290923902-8a9f81dc236c
Urea 15% (Cream),Moisturizer,https://images.unsplash.com/photo-1522335789203-aabd1fc54bc9
Urea 20% (Essence),Moisturizer,https://images.unsplash.com/photo-1522335789203-aabd1fc54bc9
Urea 0.1% (Ampoule),Moisturizer,https://images.unsplash.com/photo-1522335789203-aabd1fc54bc9
Urea 0.3% (Gel),Moisturizer,https://images.unsplash.com/photo-1522335789203-aabd1fc54bc9
Urea 0.5% (Oil),Moisturizer,https://images.unsplash.com/photo-1522335789203-aabd1fc54bc9
Urea 1% (Mask),Moisturizer,https://images.unsplash.com/photo-1522335789203-aabd1fc54bc9
Urea 2% (Serum),Moisturizer,https://images.unsplash.com/photo-1522335789203-aabd1fc54bc9
Urea 3% (Toner),Moisturizer,https://images.unsplash.com/photo-1522335789203-aabd1fc54bc9
Urea 5% (Cream),Moisturizer,https://images.unsplash.com/photo-1522335789203-aabd1fc54bc9
Saccharomyces Ferment Filtrate 10% (Essence),Moisturizer,https://images.unsplash.com/photo-1596462502278-27bfdc403348
Saccharomyces Ferment Filtrate 15% (Ampoule),Moisturizer,https://images.unsplash.com/photo-1596462502278-27bfdc403348
Saccharomyces Ferment Filtrate 20% (Gel),Moisturizer,https://images.unsplash.com/photo-1596462502278-27bfdc403348
Saccharomyces Ferment Filtrate 0.1% (Oil),Moisturizer,https://images.unsplash.com/photo-1596462502278-27bfdc403348
Saccharomyces Ferment Filtrate 0.3% (Mask),Moisturizer,https://images.unsplash.com/photo-1596462502278-27bfdc403348
Saccharomyces Ferment Filtrate 0.5% (Serum),Moisturizer,https://images.unsplash.com/photo-1596462502278-27bfdc403348
Saccharomyces Ferment Filtrate 1% (Toner),Moisturizer,https://images.unsplash.com/photo-1596462502278-27bfdc403348
Saccharomyces Ferment Filtrate 2% (Cream),Moisturizer,https://images.unsplash.com/photo-1596462502278-27bfdc403348
Saccharomyces Ferment Filtrate 3% (Essence),Moisturizer,https://images.unsplash.com/photo-1596462502278-27bfdc403348
dl-Alpha-Tocopheryl Acetate 5% (Ampoule),Antioxidant,https://images.unsplash.com/photo-1617897903246-719242758050
dl-Alpha-Tocopheryl Acetate 10% (Gel),Antioxidant,https://images.unsplash.com/photo-1617897903246-719242758050
dl-Alpha-Tocopheryl Acetate 15% (Oil),Antioxidant,https://images.unsplash.com/photo-1617897903246-719242758050
dl-Alpha-Tocopheryl Acetate 20% (Mask),Antioxidant,https://images.unsplash.com/photo-1617897903246-719242758050
dl-Alpha-Tocopheryl Acetate 0.1% (Serum),Antioxidant,https://images.unsplash.com/photo-1617897903246-719242758050
dl-Alpha-Tocopheryl Acetate 0.3% (Toner),Antioxidant,https://images.unsplash.com/photo-1617897903246-719242758050
dl-Alpha-Tocopheryl Acetate 0.5% (Cream),Antioxidant,https://images.unsplash.com/photo-1617897903246-719242758050
dl-Alpha-Tocopheryl Acetate 1% (Essence),Antioxidant,https://images.unsplash.com/photo-1617897903246-719242758050
dl-Alpha-Tocopheryl Acetate 2% (Ampoule),Antioxidant,https://images.unsplash.com/photo-1617897903246-719242758050
Chamomilla Recutita Flower Extract 3% (Gel),Soothing,https://images.unsplash.com/photo-1620916566398-39f1143ab7be
Chamomilla Recutita Flower Extract 5% (Oil),Soothing,https://images.unsplash.com/photo-1620916566398-39f1143ab7be
Chamomilla Recutita Flower Extract 10% (Mask),Soothing,https://images.unsplash.com/photo-1620916566398-39f1143ab7be
Chamomilla Recutita Flower Extract 15% (Serum),Soothing,https://images.unsplash.com/photo-1620916566398-39f1143ab7be
Chamomilla Recutita Flower Extract 20% (Toner),Soothing,https://images.unsplash.com/photo-1620916566398-39f1143ab7be
Chamomilla Recutita Flower Extract 0.1% (Cream),Soothing,https://images.unsplash.com/photo-1620916566398-39f1143ab7be
Chamomilla Recutita Flower Extract 0.3% (Essence),Soothing,https://images.unsplash.com/photo-1620916566398-39f1143ab7be
Chamomilla Recutita Flower Extract 0.5% (Ampoule),Soothing,https://images.unsplash.com/photo-1620916566398-39f1143ab7be
Chamomilla Recutita Flower Extract 1% (Gel),Soothing,https://images.unsplash.com/photo-1620916566398-39f1143ab7be
Argania Spinosa Kernel Oil 2% (Oil),Emollient,https://images.unsplash.com/photo-1556228720-195a672e8a03
Argania Spinosa Kernel Oil 3% (Mask),Emollient,https://images.unsplash.com/photo-1556228720-195a672e8a03
Argania Spinosa Kernel Oil 5% (Serum),Emollient,https://images.unsplash.com/photo-1556228720-195a672e8a03
Argania Spinosa Kernel Oil 10% (Toner),Emollient,https://images.unsplash.com/photo-1556228720-195a672e8a03
Argania Spinosa Kernel Oil 15% (Cream),Emollient,https://images.unsplash.com/photo-1556228720-195a672e8a03
Argania Spinosa Kernel Oil 20% (Essence),Emollient,https://images.unsplash.com/photo-1556228720-195a672e8a03
Argania Spinosa Kernel Oil 0.1% (Ampoule),Emollient,https://images.unsplash.com/photo-1556228720-195a672e8a03
Argania Spinosa Kernel Oil 0.3% (Gel),Emollient,https://images.unsplash.com/photo-1556228720-195a672e8a03
Argania Spinosa Kernel Oil 0.5% (Oil),Emollient,https://images.unsplash.com/photo-1556228720-195a672e8a03
Beta Hydroxy Acid 1% (Mask),Exfoliant/BHA,https://images.unsplash.com/photo-1598440947619-2c35fc9aa908
Beta Hydroxy Acid 2% (Serum),Exfoliant/BHA,https://images.unsplash.com/photo-1598440947619-2c35fc9aa908
Beta Hydroxy Acid 3% (Toner),Exfoliant/BHA,https://images.unsplash.com/photo-1598440947619-2c35fc9aa908
Beta Hydroxy Acid 5% (Cream),Exfoliant/BHA,https://images.unsplash.com/photo-1598440947619-2c35fc9aa908
Beta Hydroxy Acid 10% (Essence),Exfoliant/BHA,https://images.unsplash.com/photo-1598440947619-2c35fc9aa908
Beta Hydroxy Acid 15% (Ampoule),Exfoliant/BHA,https://images.unsplash.com/photo-1598440947619-2c35fc9aa908
Beta Hydroxy Acid 20% (Gel),Exfoliant/BHA,https://images.unsplash.com/photo-1598440947619-2c35fc9aa908
Beta Hydroxy Acid 0.1% (Oil),Exfoliant/BHA,https://images.unsplash.com/photo-1598440947619-2c35fc9aa908
Beta Hydroxy Acid 0.3% (Mask),Exfoliant/BHA,https://images.unsplash.com/photo-1598440947619-2c35fc9aa908
Polyhydroxy Acid 0.5% (Serum),Exfoliant/PHA,https://images.unsplash.com/photo-1608248543803-ba4f8c70ae0b
Polyhydroxy Acid 1% (Toner),Exfoliant/PHA,https://images.unsplash.com/photo-1608248543803-ba4f8c70ae0b
Polyhydroxy Acid 2% (Cream),Exfoliant/PHA,https://images.unsplash.com/photo-1608248543803-ba4f8c70ae0b
Polyhydroxy Acid 3% (Essence),Exfoliant/PHA,https://images.unsplash.com/photo-1608248543803-ba4f8c70ae0b
Polyhydroxy Acid 5% (Ampoule),Exfoliant/PHA,https://images.unsplash.com/photo-1608248543803-ba4f8c70ae0b
Polyhydroxy Acid 10% (Gel),Exfoliant/PHA,https://images.unsplash.com/photo-1608248543803-ba4f8c70ae0b
Polyhydroxy Acid 15% (Oil),Exfoliant/PHA,https://images.unsplash.com/photo-1608248543803-ba4f8c70ae0b
Polyhydroxy Acid 20% (Mask),Exfoliant/PHA,https://images.unsplash.com/photo-1608248543803-ba4f8c70ae0b
Polyhydroxy Acid 0.1% (Serum),Exfoliant/PHA,https://images.unsplash.com/photo-1608248543803-ba4f8c70ae0b
Titanium Dioxide 0.3% (Toner),UV Filter,https://images.unsplash.com/photo-1570172619644-dfd03ed5d881
Titanium Dioxide 0.5% (Cream),UV Filter,https://images.unsplash.com/photo-1570172619644-dfd03ed5d881
Titanium Dioxide 1% (Essence),UV Filter,https://images.unsplash.com/photo-1570172619644-dfd03ed5d881
Titanium Dioxide 2% (Ampoule),UV Filter,https://images.unsplash.com/photo-1570172619644-dfd03ed5d881
Titanium Dioxide 3% (Gel),UV Filter,https://images.unsplash.com/photo-1570172619644-dfd03ed5d881
Titanium Dioxide 5% (Oil),UV Filter,https://images.unsplash.com/photo-1570172619644-dfd03ed5d881
Titanium Dioxide 10% (Mask),UV Filter,https://images.unsplash.com/photo-1570172619644-dfd03ed5d881
Titanium Dioxide 15% (Serum),UV Filter,https://images.unsplash.com/photo-1570172619644-dfd03ed5d881
Titanium Dioxide 20% (Toner),UV Filter,https://images.unsplash.com/photo-1570172619644-dfd03ed5d881
